forecaster,w_target,w_learned,abs_error
0,0.800000,0.811020,0.011020
1,0.100000,0.113977,0.013977
2,0.500000,0.469819,0.030181
