forecaster,noise,mae,mean_error,std_error
0,0.09272536974244015,0.07075064378858469,-0.005285327642631021,0.08974481834464941
1,0.05415019835392184,0.0429915975365699,0.0011401396389129279,0.05446988757281132
2,0.11082315773516437,0.08275572063810242,-0.016539674695158272,0.10336790858545697
3,0.11957946931540525,0.08700211417779784,-0.0008681065557036791,0.11204435516268248
4,0.037612679094768835,0.029860169876250134,0.002663957061831078,0.03701224276305963
5,0.048758691865940666,0.03797877392743844,0.0017728620785749368,0.04737916685694576
