tau,p_hat,n_valid
0.1,0.0033333333333333335,300
0.25,0.07333333333333333,300
0.5,0.4633333333333333,300
0.75,0.9266666666666666,300
0.9,0.9866666666666667,300
