{
  "experiment_name": "sybil",
  "config": {
    "k_max": 8,
    "n_trials": 20,
    "n_seeds": 20,
    "sigma_diversify": 0.02
  },
  "scenarios": {
    "identical": {
      "mean_ratio": 0.9999999999999993,
      "max_abs_delta": 2.0677903833643537e-17,
      "n_k_values": 7
    },
    "diversified": {
      "mean_ratio": 1.064505964805978,
      "max_abs_delta": 0.0010288527895906095,
      "n_k_values": 7
    },
    "strategic_deposit": {
      "mean_ratio": 0.999999999999999,
      "max_abs_delta": 2.6432848965196602e-17,
      "n_k_values": 7
    }
  }
}