forecaster,mae,corr_with_truth,mean_error
0,0.13697099940129498,0.8554,0.028699
1,0.23145540720492022,0.6047,0.016912
2,0.17285018652528197,0.7717,-0.021394
