forecaster,w,sigma,mae,mean_error,std_error,corr_with_truth
0,0.8,0.3,0.11578030702901043,0.018661474172368513,0.17687289956836305,0.8877
1,0.1,0.6,0.22343263784338221,0.02758246570871887,0.32715394431372224,0.6219
2,0.5,1.0,0.16393966790760126,0.021453107184075292,0.2521595721541664,0.7761
