mode,total_profit,participation_rate,final_n_eff
iid,4.454769886308441e-15,0.5899,3.6871898625317936
bursty,1.116468029138673e-14,0.5826,3.417490383147173
edge_threshold,3.677613769070831e-15,0.6567,1.9375015269302465
avoid_skill_decay,1.3877787807814457e-17,0.0007,0.0
