seed,corr_loss,corr_sigma
42,1.000000,1.000000
43,1.000000,1.000000
