scenario,mean_agg_error,final_gini
truthful,0.24421524852307916,0.14875448144617284
strategic_reporter,0.24919508308197366,0.14633092821422095
