belief,mean_mae,final_gini
baseline,0.07279376692059938,0.48804638487845875
fast_adaptor,0.07046106466865365,0.5426319355707676
slow_adaptor,0.06965252110807785,0.5534531231242239
