forecaster,w_target_dir,w_learned_dir,w_learned_raw,abs_error_dir
0,0.729745,0.722995,0.820879,0.006750
1,0.183222,0.202303,0.229693,0.019082
2,0.087034,0.074702,0.084815,0.012332
