mode,total_profit,participation_rate,final_n_eff
iid,1.4238610290817633e-14,0.7145,4.911960976064398
bursty,-1.2961853812498703e-14,0.603,5.063264858256732
edge_threshold,1.944971961265196e-14,0.9475,5.7834000290078915
avoid_skill_decay,-7.355227538141662e-16,0.58,2.127026377022152
