tau,p_hat_mean,p_hat_se,p_hat_ci_low,p_hat_ci_high,n_seeds
0.1,0.053669999999999995,0.000325301479602505,0.05303240909997908,0.05430759090002091,20
0.25,0.19410499999999997,0.0006032466982482115,0.19292263647143348,0.19528736352856646,20
0.5,0.4992325,0.0009489140261095154,0.49737262850882535,0.5010923714911747,20
0.75,0.8043849999999999,0.0007331717325931807,0.8029479834041173,0.8058220165958825,20
0.9,0.9453700000000003,0.00032685502983175385,0.9447293641415301,0.9460106358584705,20
