{
  "taus": [
    0.1,
    0.2,
    0.3,
    0.4,
    0.5,
    0.6,
    0.7,
    0.8,
    0.9
  ],
  "nominal": [
    0.1,
    0.2,
    0.3,
    0.4,
    0.5,
    0.6,
    0.7,
    0.8,
    0.9
  ],
  "mech_coverage": [
    0.11,
    0.2017857142857143,
    0.3057142857142857,
    0.41785714285714287,
    0.535,
    0.6342857142857142,
    0.7421428571428571,
    0.835,
    0.9275
  ],
  "recal_coverage": [
    0.12178571428571429,
    0.2025,
    0.2978571428571429,
    0.3975,
    0.5014285714285714,
    0.6039285714285715,
    0.7014285714285714,
    0.795,
    0.8857142857142857
  ],
  "mech_tail_dev": 0.01857142857142854,
  "mech_centre_dev": 0.029047619047619044,
  "recal_tail_dev": 0.010892857142857159,
  "recal_centre_dev": 0.0026190476190476506,
  "mech_mean_crps": 0.01999928609336068,
  "recal_mean_crps": 0.02031462926066265,
  "mech_mean_sharpness": 0.08868474306333342,
  "recal_mean_sharpness": 0.07778779813646841,
  "assertions": {
    "6_2_tail_dev_pass": false,
    "6_3_crps_pass": false,
    "6_4_sharpness_pass": false,
    "all_pass": false
  }
}