{
  "taus": [
    0.1,
    0.2,
    0.3,
    0.4,
    0.5,
    0.6,
    0.7,
    0.8,
    0.9
  ],
  "nominal": [
    0.1,
    0.2,
    0.3,
    0.4,
    0.5,
    0.6,
    0.7,
    0.8,
    0.9
  ],
  "mech_coverage": [
    0.11,
    0.2017857142857143,
    0.3057142857142857,
    0.41785714285714287,
    0.535,
    0.6342857142857142,
    0.7421428571428571,
    0.835,
    0.9275
  ],
  "vitali_coverage": [
    0.11928571428571429,
    0.21035714285714285,
    0.3117857142857143,
    0.42142857142857143,
    0.5264285714285715,
    0.6332142857142857,
    0.7246428571428571,
    0.8296428571428571,
    0.9182142857142858
  ],
  "mech_tail_dev": 0.01857142857142854,
  "mech_centre_dev": 0.029047619047619044,
  "vitali_tail_dev": 0.019374999999999986,
  "vitali_centre_dev": 0.027023809523809544,
  "mech_crps": 0.01999928609336068,
  "vitali_crps": 0.017754749374298277
}