{
  "deposit_sensitivity": {
    "fixed": {
      "uniform": 0.09299695706193675,
      "skill": 0.08128721510099123,
      "mechanism": 0.0734351931918125,
      "delta_skill": -0.011709741960945527,
      "delta_mech": -0.019561763870124246,
      "pct_skill": 12.591532380082867,
      "pct_mech": 21.034842954158112
    },
    "exponential": {
      "uniform": 0.09299695706193675,
      "skill": 0.08128721510099123,
      "mechanism": 0.07861384552760273,
      "delta_skill": -0.011709741960945527,
      "delta_mech": -0.014383111534334025,
      "pct_skill": 12.591532380082867,
      "pct_mech": 15.466217378225346
    },
    "bankroll": {
      "uniform": 0.09299695706193675,
      "skill": 0.08128721510099123,
      "mechanism": 0.08802851682092276,
      "delta_skill": -0.011709741960945527,
      "delta_mech": -0.004968440241013991,
      "pct_skill": 12.591532380082867,
      "pct_mech": 5.342583669382826
    }
  }
}