forecaster,w_target,w_learned,abs_error
0,0.571429,0.539506,0.031923
1,0.071429,0.022201,0.049228
2,0.357143,0.438293,0.081151
