forecaster,w_target,w_learned,abs_error
0,0.215876,0.231154,0.015278
1,0.632997,0.609958,0.023039
2,0.151127,0.158888,0.007761
