forecaster,w_target,w_learned,abs_error
0,0.729745,0.815782,0.086037
1,0.183222,0.166816,0.016405
2,0.087034,0.017402,0.069632
