forecaster,w,sigma,mae,mean_error,std_error,corr_with_truth
0,0.8,0.3,0.08740593784065631,0.006203077899214303,0.12623776050113658,0.9422
1,0.1,0.6,0.13058440367475826,0.018261142307324656,0.1926445270670745,0.8576
2,0.5,1.0,0.12058165049445248,0.025176443610053275,0.18140762528873725,0.8762
