scenario,total_profit,mean_profit,final_gini
truthful,1.4238610290817633e-14,7.119305145408816e-17,0.42896762738420563
hedged,1.4238610290817633e-14,7.119305145408816e-17,0.42896762738420563
