agent,mean_sigma,mean_wager,total_profit
0,0.8667043025638865,0.5304610873321635,0.025367027993217287
1,0.8830885675576264,0.7079387914493768,0.238621178620327
2,0.8199473481616265,0.6946097636304741,-0.04430296044352157
3,0.7718933463858758,0.4600926971462326,-0.21968524617002372
