scenario,total_profit,mean_profit,final_gini
truthful,1.1796119636642288e-15,5.898059818321144e-18,0.14756758277253984
hedged,-6.2450045135165055e-15,-3.122502256758253e-17,0.14498871586155002
