forecaster,mae,corr_with_truth,mean_error
0,0.10550324273137324,0.9288,0.022197
1,0.14477796831904677,0.8458,0.030816
2,0.1258914288806191,0.8709,-0.006837
