forecaster,mae,corr_with_truth,mean_error
0,0.03420349121684555,0.9861,-0.001110
1,0.0696931970338654,0.9462,0.000852
2,0.13739535080503165,0.7860,-0.023507
3,0.15690447075655978,0.6904,0.002364
