scenario,total_profit,mean_round_profit,final_gini,final_n_eff
benign_baseline,-7.91033905045424e-16,-7.910339050454241e-19,0.28890386468524176,3.713583880077601
bursty_kelly,2.2412627309620348e-15,2.241262730962035e-18,0.2630006362049932,2.98881815123233
risk_averse_hedged,-2.0788926136106056e-14,-2.0788926136106056e-17,0.23624040409119662,3.8163618592485844
lumpy_miscalibrated,7.41073868937292e-15,7.41073868937292e-18,0.25427723180781636,4.519918625028542
edge_threshold,2.5680846338360652e-14,2.5680846338360653e-17,0.4258553407198476,1.9334606873064912
sybil_split,4.548444954011188e-15,4.548444954011188e-18,0.6230123494855143,14.1936764174888
