variant,mean_crps,delta_crps_vs_full,mean_HHI,mean_N_eff,final_gini
Full,0.027620663604713526,0.0,0.287896859050027,3.7239024859568337,0.4091798129420254
A-,0.02833812913582263,0.0007174655311091051,0.3119631076130475,3.459917588957621,0.4746023451617766
B-,0.04201288195706686,0.014392218352353332,0.2198251775132774,4.806010539386136,nan
C-,0.027987634511046793,0.00036697090633326657,0.2913915667925192,3.705609767203357,0.46448159194335736
D-,0.030165738807939553,0.002545075203226027,0.287896859050027,3.7239024859568337,0.4091798129420254
E-,0.038240565677440976,0.01061990207272745,0.22174218675431545,4.7643006741452325,0.0
