belief,mean_mae,final_gini
baseline,0.07478994931847405,0.18769155309239136
fast_adaptor,0.07386073620925523,0.19622963734463184
slow_adaptor,0.0795783397301907,0.1884614627223123
