forecaster,tau_true,mae,mean_error,std_error
0,0.15,0.03392829402445805,-0.0029842563293651578,0.04469814005989413
1,0.22,0.04874846164413683,0.0011825505222480377,0.06590198314192684
2,0.32,0.06823476268617276,0.00026637282450215683,0.09132873364722893
3,0.46,0.09434322783258949,-0.0032457248225201095,0.12499707022772004
4,0.68,0.1377611308718878,0.0070077556842665315,0.17729634730426402
5,1.0,0.16631552732262692,0.004464304978403585,0.21156823903321187
