lam,A_theta
0.0,11.681455081035592
0.1,13.397427294579055
0.3,16.224467407510552
0.5,19.066185956055364
0.8,22.460306021294333
1.0,24.219384264436496
