lam,A_theta
0.0,-7.947005441201498
0.1,-8.68573350126865
0.3,-9.482958782912329
0.5,-9.805867820509265
0.8,-9.9583416220268
1.0,-9.98565720680275
