scenario,insider_profit,final_gini
no_insider,0.0,11.85009984884682
insider,39.96330323622701,49.96330323622701
