mode,total_profit,participation_rate,final_n_eff
iid,1.1796119636642288e-15,0.577,3.6370921449427125
bursty,-5.204170427930421e-15,0.602,3.762049295910053
edge_threshold,-2.42861286636753e-15,0.668,5.329847111879624
avoid_skill_decay,-1.27675647831893e-15,0.058,10.0
